{
  "name": "dnd5e",
  "title": "AiME",
  "description": "AiME",
  "version": 0.73,
  "author": "Atropos",
  "templateVersion": 2,
  "scripts": [],
  "esmodules": ["dnd5e.js"],
  "styles": ["dnd5e.css"],
  "packs": [
    {
      "name": "monsters",
      "label": "Monsters (SRD)",
      "system": "dnd5e",
      "path": "./packs/monsters.db",
      "entity": "Actor"
    },
    {
      "name": "items",
      "label": "Items (SRD)",
      "system": "dnd5e",
      "path": "./packs/items.db",
      "entity": "Item"
    },
    {
      "name": "spells",
      "label": "Spells (SRD)",
      "system": "dnd5e",
      "path": "./packs/spells.db",
      "entity": "Item"
    },
    {
      "name": "classes",
      "label": "Classes (SRD)",
      "system": "dnd5e",
      "path": "./packs/classes.db",
      "entity": "Item"
    },
    {
      "name": "classfeatures",
      "label": "Class Features (SRD)",
      "system": "dnd5e",
      "path": "./packs/classfeatures.db",
      "entity": "Item"
    }
  ],
  "languages": [
    {
      "lang": "en",
      "name": "English",
      "path": "lang/en.json"
    }
  ],
  "socket": true,
  "initiative": "1d20 + @abilities.dex.mod + @attributes.init.value + (@abilities.dex.value / 100)",
  "gridDistance": 5,
  "gridUnits": "ft",
  "primaryTokenAttribute": "attributes.hp",
  "secondaryTokenAttribute": null,
  "minimumCoreVersion": "0.4.2",
  "url": "https://github.com/DimaBelanohi/AiME",
  "manifest": "https://raw.githubusercontent.com/DimaBelanohi/AiME/main/system.json",
  "download": "https://github.com/DimaBelanohi/AiME/blob/main/archive/v3.20.6.zip?raw=true"
}
